[{"model": "store.contenttype", "pk": 1, "fields": {"name": "menu_item"}}, {"model": "store.contenttype", "pk": 2, "fields": {"name": "login_form"}}, {"model": "store.contenttype", "pk": 3, "fields": {"name": "terms"}}, {"model": "store.content", "pk": 1, "fields": {"content_type": 1, "content_name": null, "eng": "Home", "swe": "Hem"}}, {"model": "store.content", "pk": 2, "fields": {"content_type": 1, "content_name": null, "eng": "Order", "swe": "beställ"}}, {"model": "store.content", "pk": 3, "fields": {"content_type": 1, "content_name": null, "eng": "Our Customers", "swe": "Våra kunder"}}, {"model": "store.content", "pk": 4, "fields": {"content_type": 1, "content_name": null, "eng": "About us", "swe": "Om oss"}}, {"model": "store.content", "pk": 5, "fields": {"content_type": 1, "content_name": null, "eng": "Contact us", "swe": "Kontakta oss"}}, {"model": "store.content", "pk": 6, "fields": {"content_type": 2, "content_name": "login_header", "eng": "Log in", "swe": "Logga in"}}, {"model": "store.content", "pk": 7, "fields": {"content_type": 2, "content_name": "email_label", "eng": "Enter your email address", "swe": "Skriv in din epost adress"}}, {"model": "store.content", "pk": 8, "fields": {"content_type": 2, "content_name": "email_placeholder", "eng": "Email Address", "swe": "Epost adress"}}, {"model": "store.content", "pk": 9, "fields": {"content_type": 2, "content_name": "password_label", "eng": "Enter your password", "swe": "Skriv in ditt lösenord"}}, {"model": "store.content", "pk": 10, "fields": {"content_type": 2, "content_name": "password_placeholder", "eng": "Password", "swe": "Lösenord"}}, {"model": "store.content", "pk": 11, "fields": {"content_type": 2, "content_name": "email_error", "eng": "Please enter a valid email address", "swe": "Vänligen skriv in en giltig epost adress"}}, {"model": "store.content", "pk": 12, "fields": {"content_type": 2, "content_name": "password_error", "eng": "This field cannot be empty", "swe": "Detta fält kan inte vara tomt"}}, {"model": "store.content", "pk": 13, "fields": {"content_type": 2, "content_name": "register_now", "eng": "Register now", "swe": "Registrera dig"}}, {"model": "store.content", "pk": 14, "fields": {"content_type": 2, "content_name": "forgot_password", "eng": "Forgotten password?", "swe": "Glömt lösenord?"}}, {"model": "store.content", "pk": 15, "fields": {"content_type": 3, "content_name": "term_heading", "eng": "Terms", "swe": "Villkor"}}, {"model": "store.content", "pk": 16, "fields": {"content_type": 3, "content_name": "term_close_button", "eng": "Close and Go Back", "swe": "Stäng och gå tillbaka"}}, {"model": "store.terms", "pk": 1, "fields": {"eng": "<div class=\"back-terms\"><p class=\"\"><b>BY</b> clicking Invoice Now, you choose to register according to the information that you have typed in and the text on the registration page and the terms here, and you at the same time accept the terms here.</p><p class=\"\">You can use the program FOR FREE for 14 days.</p><p class=\"\">123 Fakturera is so easy and self-explanatory that the chance that you will need support is minimal, but if you should need support, we are here for you, with our office manned for the most part of the day. After the trial period, the subscription continues and costs SEK 99 excluding VAT per month, which is billed annually. \r\nIf you do not want to keep the program, just cancel the trial period by giving notice before 14 days from registration. </p><p class=\"mt-6\">You have of course the right to terminate the use of the program without any costs, by giving us notice per email before 14 days from registration, that you do not want to continue with the program, and you then of course do not pay anything.\r\n                                                        </p><p class=\"mb-6\">If we do not receive such a notice from you before 14 days from registration, then the order, for natural reasons, cannot be changed. With registration it is meant the date and time when you did choose to press the button Invoice Now.</p><p class=\"\">Billing is for one year at a time.</p><p class=\"\">The price for 123 Fakturera (offer price SEK 99 per month / ordinary price SEK 159 per month) is for the annual fee Start for one year's use of the program.</p><p class=\"\">(When using the offer price of SEK 99, the one-year period is calculated from registration.)</p><p class=\"\">All prices are excluding. VAT.</p><p class=\"\">Offer, Inventory Control, Member Invoicing, Multiuser version and English printout are (or can be) additional modules that can be ordered later.</p><p class=\"\">Intermediation, as well as invoicing, may take place from K-Soft Sverige AB, Box 2826, 187 28 Täby. In the future, we may choose to cooperate with another company for e.g. intermediation and invoicing. However, the customer relationship is with us. The payment is made to the company from which the invoice comes.</p><p class=\"\">The annual fee is on a continuous basis, but if you do not wish to continue using the program, all you have to do is give notice thirty days before the start of the next one-year period.</p><p class=\"\">The introductory offer ( SEK 99 per month) is for the annual fee Start for the first year. After the first year, the ordinary price is billed, which is currently, for annual fee Start, one hundred and fifty-nine kroner per month, for annual fee Remote control, three hundred kroner per month and for annual fee Pro, three hundred and thirty-three kroner per month. After one year, the annual Remote Control fee is invoiced as standard, but you can choose Start or Pro by giving notice at any time before the due date.</p><p class=\"\">If you choose to keep the program by not notifying us by email within 14 days of registration that you do not wish to continue with the program, you accept that you will pay the invoice for your order. Failure to pay the invoice or late payment does not give the right to cancel the order. We are happy to help you with logo at a cost price.</p><p class=\"\">License for the use of 123 Fakturera is of course sold in accordance with applicable laws.</p><p class=\"\">In order to be able to help you more easily and provide you with support, as well as to comply with the laws, we, for natural reasons, have to store your information.</p><p class=\"\">In connection with the storage of information, the law requires that we provide you with the following information:</p><p class=\"\">If you order as a private person, you have the right to cancel as stated by law. Your information is stored so that we can help you, etc. We will use it to be able to help you if you need help, follow the laws regarding bookkeeping, etc. When there are upgrades and the like, we may send you offers and the like about our products and services by email or the like. You may be contacted by email, post and telephone. If you don't want to be contacted, just send us an email about it.</p><p class=\"\">You can at any time ask not to be sent information about upgrades by email, letter or the like, and we will of course not do that. You send such a request to us by email, post or similar.</p><p class=\"\">For natural reasons, we have to store, process and move your data. Your information is stored until further notice. You give us permission to store, process and move your data, as well as to send you offers and the like by email, letter and the like, and tell others that you are customer. Due to the way it works with software, permission also needs to be given to other parties. The permission is therefore granted to us, as well as to the companies and/or person(s) who own the software, the source code, the website and the like. It is also given to current and future companies owned and/or controlled by one or more of those who currently own and/or control us. It is also given to current and future companies owned and/or controlled by one or more of those who currently own and/or control the companies (if any), which own or will own the software, source code, website and the like. It is also given to current and future persons (if any) who own or will own the software, source code, website and the like. This applies both to current and future products and services. It is also given to another company,  (like K-Soft Sverige AB), which we can use to send/sell products, upgrades and the like, either by intermediation or otherwise. </p><p class=\"\">You of course have the right to request access to, change and deletion of the information we hold about you. You also have the right to request restriction of data processing, and to object to data processing and the right to data portability. You have the right to complain to the supervisory authority. You can find more legal information about us <a class=\"link-span\" href=\"JavaScript:Utils.popupWindow('/us')\">here</a>. The laws of Ireland are the applicable laws. Placing an order is of course completely voluntary. Of course, we do not use any automated profiling or decisions.</p><p class=\"\">If you wish to contact us, please use the information on this website.</p><p class=\"\">Click on Invoice Now to register according to the information you have entered and the terms here. (Date and time of admission are entered automatically in our registers.)</p><p class=\"\">Our experience is that our customers are very satisfied with the way we work and hope and believe that this will also be your experience.</p><p class=\"\">Have a great day!</p></div>", "swe": "<div class=\"back-terms\"><p class=\"\"><b>GENOM ATT</b> klicka på Fakturera Nu så väljer ni att registrera enligt den information som ni har lagt in och texten på registrerings sidan och villkoren här, och accepterar samtidigt villkoren här.</p><p class=\"\">Ni kan använda programmet GRATIS i 14 dagar.</p><p class=\"\">123 Fakturera är så lätt och självförklarande att chansen för att du kommer behöva support är minimal, men om du skulle behöva support, så är vi här för dig, med vårt kontor bemannat större delen av dygnet. Efter provperioden så fortsätter abonnemanget och kostar 99 kronor exkl. moms per månad, som faktureras årligen. Om du inte vill behålla programmet, så är det bara att avbryta provperioden genom att ge oss besked inom 14 dagar från registrering.</p><p class=\"mt-6\">Ni har självklart rätt att avsluta användningen av programmet utan kostnad, genom att ge oss besked per email inom 14 dagar från registrering, att ni inte vill fortsätta med programmet, och betalar då självklart inte heller något.</p><p class=\"mb-6\">Om vi inte inom 14 dagar från registrering mottar sådant besked från er, så kan ordern av naturliga orsaker inte ändras. Med registrering menas det datum och klockslag då ni valde att trycka på knappen Fakturera Nu.</p><p class=\"\">Fakturering sker för ett år i taget.</p><p class=\"\">Priset för 123 Fakturera (specialpris kr 99:- / ord. pris kr 159:- per månad) är för årsavgift Start för ett års användning av programmet.</p><p class=\"\">(Vid användning av specialpriset kr 99:- så räknas ett års perioden från registrering.) </p><p class=\"\">Alla priser är exkl. moms. </p><p class=\"\">Offert, Lagerstyrning, Medlemsfakturering, Fleranvändarversion och Engelsk utskrift är (eller kan vara) tilläggsmoduler som kan beställas senare.</p><p class=\"\">Förmedling, samt fakturering kan komma att ske från K-Soft Sverige AB, Box 2826, 187 28 Täby. Vi kan i framtiden välja att samarbeta med annat företag för t.ex. förmedling och fakturering. Kundförhållandet är dock självklart med oss. Betalningen görs till det företag som fakturan kommer från.</p><p class=\"\">Årsavgiften är löpande men om ni inte vill fortsätta att använda programmet, så är det bara att ge besked trettio dagar innan ingången av nästföljande ett års period.</p><p class=\"\">Introduktionspriset (kr 99:- per månad) är för årsavgift Start för det första året. Efter det första året faktureras ord. pris vilket för närvarande är, för årsavgift Start, ett hundra och femtinio kronor per månad, för årsavgift Fjärrstyrning, tre hundra kronor per månad och för årsavgift Pro, tre hundra och trettiotre kronor per månad. Efter ett år faktureras årsavgift Fjärrstyrning som standard men ni kan välja Start eller Pro genom att ge besked när som helst innan förfallodagen.</p><p class=\"\">Om ni väljer att behålla programmet genom att inte ge oss besked per email innan 14 dagar från registrering, om att ni inte vill fortsätta med programmet, så accepterar ni att ni kommer att betala fakturan för er beställning. Att inte betala fakturan eller sen betalning ger inte rätt till att annullera beställningen. Vi hjälper gärna att fiksa logo för er till självkostpris.</p><p class=\"\">Licens för användning av 123 Fakturera säljs självklart enligt gällande lagar. </p><p class=\"\">För att lättare kunna hjälpa er och ge er support samt för att följa lagarna, måste vi av naturliga orsaker spara er information.</p><p class=\"\">I samband med lagring av information så kräver lagen att vi ger er följande information: </p><p class=\"\">Om ni beställer som privatperson så har ni den ångerrätt som lagen fastställer. Er information sparas så att vi kan hjälpa er m.m. Vi kommer använda den för att kunna hjälpa er om ni behöver hjälp, följa lagarna ang. bokföring m.m. När det kommer uppgraderingar och liknande, kan vi komma att skicka er erbjudande och liknande om våra produkter och tjänster per email eller liknande. Ni kan också komma att bli kontaktad per email, post och telefon. Om ni inte vill bli kontaktad, bara skicka oss en email ang. det.</p><p class=\"\">Ni kan när som helst begära att inte få tillsänt information om uppgraderingar per email, brev eller liknande och vi kommer då självklart inte att göra det. Sådan begäran skickar ni till oss per email, brev eller liknande.</p><p class=\"\">Av naturliga orsaker måste vi spara, databehandla och flytta era data. Er information sparas tills vidare. Ni ger oss medgivande till att lagra, databehandla och flytta era data, samt att skicka er erbjudanden och liknande per email, brev och liknande, samt att informera andra om att ni är kund. Pga. sättet det fungerar på med programvara behöver medgivandet också ges till andra parter. Medgivandet ges därför till oss, samt till de företag och/eller person/personer som äger programvaran, källkod, hemsidan och liknande. Det ges också till nuvarande och framtida företag ägda och/eller kontrollerade av en eller flera av de som i dag äger och/eller kontrollerar oss. Det ges också till nuvarande och framtida personer (om några) som äger eller kommer till att äga programvaran, källkod, hemsidan och liknande. Detta både för nuvarande och framtida produkter och tjänster.\r\nDet ges också till ett annat företag, (som K-Soft Sverige AB), som vi kan använda för att skicka/sälja produkter, uppgraderingar och liknande, antingen genom att under förmedla programvaran eller på annat sätt.</p><p class=\"\">Ni har självklart rätt att begära tillgång till, rättelse eller radering av informationen vi har om er. Ni har också rätt att begära begränsning av behandlingen av era uppgifter, eller att invända mot behandling samt rätten till dataportabilitet. Ni har självklart rätt att klaga till tillsynsmyndighet. Mer juridisk info om oss hittar ni <a class=\"link-span\" href=\"JavaScript:Utils.popupWindow('/us')\">här</a>. Det är lagarna i Irland som är gällande lagar. Det är självklart helt frivilligt att lägga er order. Vi använder självklart inte någon automatiserad profilering och inte heller något automatiserat beslutsfattande. </p><p class=\"\">Om ni vill kontakta oss, vänligen använd då informationen på denna hemsidan.</p><p class=\"\">Klicka på Fakturera Nu för att registrera i enlighet med den information som ni har lagt in och villkoren här. (Datum och tidpunkt för inläggningen läggs in automatiskt i våra register.)</p><p class=\"\">Vår erfarenhet är att våra kunder är mycket nöjda med sättet vi arbetar på och vi hoppas och tror att det också kommer att bli er upplevelse. </p><p class=\"\">Ha en trevlig dag!</p></div>"}}, {"model": "store.product", "pk": 1, "fields": {"name": "Gorkha Strong", "article_num": "12345678", "in_price": 10, "price": 0, "unit": "pcs", "in_stock": 0, "description": "A good beer from Nepal"}}, {"model": "store.product", "pk": 2, "fields": {"name": "Barasinghe Pilsner Bier 350ml", "article_num": "NP003", "in_price": 0, "price": 0, "unit": "pcs", "in_stock": 0, "description": "Another premium beer from nepal"}}, {"model": "store.product", "pk": 3, "fields": {"name": "Basmati Rice", "article_num": "NP001", "in_price": 950, "price": 1200, "unit": "kg", "in_stock": 200, "description": "Premium Nepali basmati rice from Terai region with rich aroma and long grains."}}, {"model": "store.product", "pk": 4, "fields": {"name": "Gundruk", "article_num": "NP002", "in_price": 350, "price": 500, "unit": "kg", "in_stock": 80, "description": "Traditional fermented leafy vegetable popular in Nepali cuisine."}}, {"model": "store.product", "pk": 5, "fields": {"name": "Dalle Khursani Pickle", "article_num": "NP003", "in_price": 250, "price": 350, "unit": "bottle", "in_stock": 60, "description": "Spicy pickle made from fiery Dalle Khursani chili from Eastern Nepal."}}, {"model": "store.product", "pk": 6, "fields": {"name": "Himalayan Honey", "article_num": "NP004", "in_price": 600, "price": 850, "unit": "500g", "in_stock": 100, "description": "Pure wild honey collected from the hills of Lamjung and Gorkha."}}, {"model": "store.product", "pk": 7, "fields": {"name": "Yak Cheese", "article_num": "NP005", "in_price": 1200, "price": 1500, "unit": "kg", "in_stock": 40, "description": "Traditional yak cheese produced in high Himalayan regions like Mustang."}}, {"model": "store.product", "pk": 8, "fields": {"name": "Dhaka Topi", "article_num": "NP006", "in_price": 250, "price": 400, "unit": "piece", "in_stock": 75, "description": "Handwoven Nepali Dhaka topi made with traditional patterns."}}, {"model": "store.product", "pk": 9, "fields": {"name": "Pashmina Shawl", "article_num": "NP007", "in_price": 2500, "price": 3500, "unit": "piece", "in_stock": 30, "description": "Soft and elegant Pashmina shawl made from Himalayan goat wool."}}, {"model": "store.product", "pk": 10, "fields": {"name": "Nepali Tea (Ilam)", "article_num": "NP008", "in_price": 450, "price": 600, "unit": "500g", "in_stock": 120, "description": "High-quality black tea from Ilam, known for its aroma and taste."}}, {"model": "store.product", "pk": 11, "fields": {"name": "Handmade Lokta Paper Notebook", "article_num": "NP009", "in_price": 200, "price": 350, "unit": "piece", "in_stock": 90, "description": "Eco-friendly notebook made from traditional Nepali Lokta paper."}}, {"model": "store.product", "pk": 12, "fields": {"name": "Thangka Painting", "article_num": "NP010", "in_price": 4000, "price": 6000, "unit": "piece", "in_stock": 10, "description": "Traditional Buddhist Thangka painting handmade in Patan."}}, {"model": "store.product", "pk": 13, "fields": {"name": "Nepali Organic Coffee", "article_num": "NP011", "in_price": 800, "price": 1100, "unit": "kg", "in_stock": 50, "description": "Organic coffee beans from Nuwakot with rich and smooth flavor."}}, {"model": "store.product", "pk": 14, "fields": {"name": "Timbur Spice", "article_num": "NP012", "in_price": 300, "price": 450, "unit": "100g", "in_stock": 60, "description": "Unique Nepali spice with a citrus aroma used in traditional dishes."}}, {"model": "store.product", "pk": 15, "fields": {"name": "Himalayan Pink Salt", "article_num": "NP013", "in_price": 150, "price": 250, "unit": "500g", "in_stock": 150, "description": "Natural pink rock salt mined from Himalayan foothills."}}, {"model": "store.product", "pk": 16, "fields": {"name": "Tibetan Incense", "article_num": "NP014", "in_price": 200, "price": 350, "unit": "box", "in_stock": 70, "description": "Hand-rolled incense sticks made with Himalayan herbs and flowers."}}, {"model": "store.product", "pk": 17, "fields": {"name": "Rice Beads Mala (Pote)", "article_num": "NP015", "in_price": 80, "price": 150, "unit": "piece", "in_stock": 200, "description": "Colorful glass bead necklaces traditionally worn by Nepali women."}}, {"model": "store.product", "pk": 18, "fields": {"name": "Nepali Handmade Soap", "article_num": "NP016", "in_price": 180, "price": 300, "unit": "piece", "in_stock": 100, "description": "Natural herbal soap crafted with essential oils and Himalayan herbs."}}, {"model": "store.product", "pk": 19, "fields": {"name": "Buckwheat Flour (Fapar)", "article_num": "NP017", "in_price": 180, "price": 250, "unit": "kg", "in_stock": 90, "description": "Healthy gluten-free flour made from high-altitude buckwheat."}}, {"model": "store.product", "pk": 20, "fields": {"name": "Chhurpi (Hard Cheese Snack)", "article_num": "NP018", "in_price": 300, "price": 450, "unit": "pack", "in_stock": 60, "description": "Traditional Himalayan hard cheese snack made from yak milk."}}, {"model": "store.product", "pk": 21, "fields": {"name": "Copper Water Pot (Lota)", "article_num": "NP019", "in_price": 900, "price": 1200, "unit": "piece", "in_stock": 40, "description": "Handcrafted copper lota used for traditional and religious purposes."}}, {"model": "store.product", "pk": 22, "fields": {"name": "Juju Dhau (Bhaktapur Curd)", "article_num": "NP020", "in_price": 100, "price": 150, "unit": "500ml", "in_stock": 50, "description": "Famous sweet curd from Bhaktapur, rich in taste and tradition."}}, {"model": "store.product", "pk": 23, "fields": {"name": "Nepali Khukuri", "article_num": "NP021", "in_price": 1500, "price": 2000, "unit": "piece", "in_stock": 25, "description": "Traditional curved knife symbolizing bravery of the Gurkhas."}}, {"model": "store.product", "pk": 24, "fields": {"name": "Amla Powder", "article_num": "NP022", "in_price": 250, "price": 400, "unit": "100g", "in_stock": 80, "description": "Organic dried Amla powder used for hair care and health supplements."}}, {"model": "store.product", "pk": 25, "fields": {"name": "Organic Lentils (Masuro Dal)", "article_num": "NP023", "in_price": 180, "price": 250, "unit": "kg", "in_stock": 120, "description": "Locally grown red lentils, a staple in Nepali dal-bhat meals."}}, {"model": "store.product", "pk": 26, "fields": {"name": "Mustard Oil", "article_num": "NP024", "in_price": 250, "price": 320, "unit": "liter", "in_stock": 70, "description": "Cold-pressed mustard oil made from locally grown mustard seeds."}}, {"model": "store.product", "pk": 27, "fields": {"name": "Nepali Handmade Carpet", "article_num": "NP025", "in_price": 7000, "price": 9500, "unit": "piece", "in_stock": 15, "description": "Handwoven woolen carpet made by artisans in Kathmandu Valley."}}]